<?xml version="1.0" encoding="UTF-8"?>
<project-private xmlns="http://www.netbeans.org/ns/project-private/1">
    <editor-bookmarks xmlns="http://www.netbeans.org/ns/editor-bookmarks/2" lastBookmarkId="0"/>
    <open-files xmlns="http://www.netbeans.org/ns/projectui-open-files/2">
        <group>
            <file>file:/D:/YESID/UNIMAGDALENA/BASES%20DE%20DATOS/1MER%20SEGUIMIENTO/Analizador/Analizador/src/analizador/Lexer.java</file>
            <file>file:/D:/YESID/UNIMAGDALENA/BASES%20DE%20DATOS/1MER%20SEGUIMIENTO/Analizador/Analizador/src/analizador/Tipo.java</file>
            <file>file:/D:/YESID/UNIMAGDALENA/BASES%20DE%20DATOS/1MER%20SEGUIMIENTO/Analizador/Analizador/src/analizador/Token.java</file>
            <file>file:/D:/YESID/UNIMAGDALENA/BASES%20DE%20DATOS/1MER%20SEGUIMIENTO/Analizador/Analizador/src/analizador/probar.java</file>
        </group>
    </open-files>
</project-private>
